,Question,Answer
0,What is the advantage of using the SDR AI agent over a traditional BDR?,"The SDR AI agent provides transparency, eliminates communication barriers, and is more cost-effective. It can be optimized faster and its actions can be tracked through transcripts of their inbound and outbound efforts."
1,Can the SDR AI agent integrate with my existing CRM and sales platforms?,"Yes, the SDR AI agent can seamlessly integrate with a wide range of CRM and sales platforms that have APIs or custom coding."
2,What kind of support is offered after the integration of the SDR AI agent?,"We offer SOPs and ongoing support which includes a setup meeting, regular check-ins, and access to our support team through a dedicated Slack channel."
3,Can the SDR AI agent scale with my business?,"Yes, the SDR AI agent is built to scale alongside your business and has extensive customization options to adapt to your evolving needs."
4,What is the pricing structure of SDR AI agent?,"The pricing of SDR AI agent is structured to reflect the value it offers. For personalized ROI estimates, the company collects some information from the client."
5,How does SDR AI agent ensure data privacy?,"SDR AI agent uses Cape Privacy for data protection. It helps in de-identifying content by removing any Personally Identifiable Information from various inputs. It also uses the Completions API, which handles de-identification and re-identification. It removes sensitive information, sends the redacted query to OpenAI, and re-identifies the content."
6,What types of Personally Identifiable Information does Cape Privacy protect?,"Cape Privacy protects over 50 forms of Personally Identifiable Information such as emails, names, credit cards and more."
7,What is the process to get a personalized ROI estimate?,"A Customer Success Representative will reach out and ask a few questions. Once these questions are gathered, a timeslot will be booked for a meeting."
8,What happened in the Twitter data breach of January 23'?,Over 200 million personal email addresses were leaked in the Twitter data breach of January 23'.
9,How does the SDR AI agent align with client's strategic goals?,"The SDR AI agent collaborates closely with clients to establish clear KPIs and success metrics. It provides transcripts showing how it contacted a lead, qualified a prospect, and how many interactions led to scheduled bookings. This allows for examination and optimization of its process."
10,What kind of businesses does the SDR AI agent cater to?,"Currently, the SDR AI agent is dedicated to B2B businesses."
11,Is there a community or platform to learn how to create and implement AI agents?,There is consideration for creating a Paid Discord Community or a Skool Community to teach how to create sophisticated and adaptable AI Agents and implement these solutions to B2B businesses.
12,How does the SDR AI agent qualify leads?,The SDR AI agent uses sophisticated prompting and logic to qualify leads based on predefined criteria. It also allows for enhancement of the existing lead qualification process through end of month reports.
13,Is the SDR AI agent open for partnerships?,"Yes, the SDR AI agent is open to exploring collaborative opportunities and partnerships."
14,What is the SDR AI Agent?,The SDR AI Agent is an AI-powered tool designed to enhance personalization in customer interactions. It uses detailed customer insights and existing outreach and inbound messaging to ensure automation doesn’t compromise the personal touch.
15,Does the SDR AI Agent offer a trial period?,"No, the SDR AI Agent does not offer a trial period. However, a complete demo of its capabilities is provided, and a tailored presentation on potential ROI can be crafted once information related to your business is collected."
16,Can the SDR AI Agent be tailored to different business sizes and niches?,"Yes, the SDR AI Agent is highly adaptive and scalable. It can be tailored to small, medium, or large businesses of various niches, depending on business goals and vision."
17,Is the SDR AI Agent open to strategic alliances and partnerships?,"Yes, the SDR AI Agent is open to discussions that could lead to strategic alliances and partnerships, especially with forward-thinking companies."
18,How does the SDR AI Agent ensure personalization?,The SDR AI Agent ensures personalization through its prospect researcher's capability cross-referenced with your rich and detailed email responses. These detailed customer insights co-existing with your former and existing outreach and inbound messaging ensures automation doesn’t compromise the personal touch.
19,What is the base technology for the voice assistant of SDR AI Agent?,The voice assistant of SDR AI Agent is built off of Vapi.
20,Why was Vapi chosen for the voice assistant?,"Vapi was chosen because it's the best performing voice assistant on the market due to its flexibility. It allows integration of various LLMs, text-to-speech and speech-to-text models together while still examining which combination contains the lowest latency."
21,What are the capabilities of the voice assistant?,The voice assistant can access calendars and schedule meetings. It also has outreach capabilities.
22,What are the primary tasks of the voice assistant?,The primary tasks of the voice assistant are appointment setting and handling inbound inquiries.
23,What is the current limitation of the voice assistant?,The current limitation of the voice assistant is latency in its outreach capabilities.
24,What is the future expectation for the voice assistant?,The expectation is that the voice assistant will become fully conversational and the latency issue will be resolved.
25,When were voice assistants introduced?,Voice assistants were introduced in late '23.
